service,avg_eta_drift,drift_variability,avg_volatility
85A,42.0,,42.0
58B,38.0,,38.0
139A,37.666666666666664,0.5773502691896257,37.666666666666664
9B,36.25,0.9574271077563381,36.25
95B,33.57142857142857,0.5345224838248478,33.57142857142857
502A,27.428571428571427,12.71294803021894,27.428571428571427
60T,25.0,8.067893720848652,25.0
159B,25.0,0.0,25.0
173A,24.857142857142858,0.37796447300922703,24.857142857142858
58A,23.3,4.105195680956921,23.3
